image,predicted,confidence
AbellS740.png,elliptical,0.9999903440475464
M49.png,elliptical,0.999998927116394
M87.png,elliptical,0.9999990463256836
NGC_474.png,elliptical,0.9998804330825806
MilkyWay.png,spiral,0.9341626763343811
N1300.png,elliptical,0.9975581169128418
NGC_6744.png,elliptical,0.9226102828979492
NGC_6753.png,spiral,1.0
