image,predicted,confidence
AbellS740.png,spiral,0.5765622854232788
M49.png,elliptical,0.5078269839286804
M87.png,elliptical,0.6082849502563477
NGC_474.png,spiral,0.5381758213043213
MilkyWay.png,spiral,0.8677288293838501
N1300.png,elliptical,0.5324881076812744
NGC_6744.png,spiral,0.9070069789886475
NGC_6753.png,spiral,0.9211908578872681
