image,predicted,confidence
AbellS740.png,spiral,0.7808262705802917
M49.png,spiral,0.5725533366203308
M87.png,elliptical,0.5279688239097595
NGC_474.png,spiral,0.5686644911766052
MilkyWay.png,spiral,0.8882030844688416
N1300.png,spiral,0.5100305676460266
NGC_6744.png,spiral,0.8901891708374023
NGC_6753.png,spiral,0.9111207127571106
